<?xml version="1.0" encoding="UTF-8"?>
<project-private xmlns="http://www.netbeans.org/ns/project-private/1">
    <editor-bookmarks xmlns="http://www.netbeans.org/ns/editor-bookmarks/2" lastBookmarkId="0"/>
    <open-files xmlns="http://www.netbeans.org/ns/projectui-open-files/2">
        <group>
            <file>file:/C:/Users/Manohar/OneDrive/Documents/NetBeansProjects/bbms2/src/alldonors.java</file>
            <file>file:/C:/Users/Manohar/OneDrive/Documents/NetBeansProjects/bbms2/src/donorupdate.java</file>
            <file>file:/C:/Users/Manohar/OneDrive/Documents/NetBeansProjects/bbms2/src/receiverlogin.java</file>
            <file>file:/C:/Users/Manohar/OneDrive/Documents/NetBeansProjects/bbms2/src/receiverupdate.java</file>
            <file>file:/C:/Users/Manohar/OneDrive/Documents/NetBeansProjects/bbms2/src/adminhome.java</file>
            <file>file:/C:/Users/Manohar/OneDrive/Documents/NetBeansProjects/bbms2/src/receiverdashboard.java</file>
            <file>file:/C:/Users/Manohar/OneDrive/Documents/NetBeansProjects/bbms2/src/allreceivers.java</file>
            <file>file:/C:/Users/Manohar/OneDrive/Documents/NetBeansProjects/bbms2/src/receiverhistory.java</file>
            <file>file:/C:/Users/Manohar/OneDrive/Documents/NetBeansProjects/bbms2/src/requsetblood.java</file>
            <file>file:/C:/Users/Manohar/OneDrive/Documents/NetBeansProjects/bbms2/src/donates.java</file>
            <file>file:/C:/Users/Manohar/OneDrive/Documents/NetBeansProjects/bbms2/src/adminlogin.java</file>
            <file>file:/C:/Users/Manohar/OneDrive/Documents/NetBeansProjects/bbms2/src/request.java</file>
            <file>file:/C:/Users/Manohar/OneDrive/Documents/NetBeansProjects/bbms2/src/receiverregister.java</file>
            <file>file:/C:/Users/Manohar/OneDrive/Documents/NetBeansProjects/bbms2/src/DONATEBLOOD.java</file>
            <file>file:/C:/Users/Manohar/OneDrive/Documents/NetBeansProjects/bbms2/src/bbms2/Bbms2.java</file>
            <file>file:/C:/Users/Manohar/OneDrive/Documents/NetBeansProjects/bbms2/src/donordashboard.java</file>
            <file>file:/C:/Users/Manohar/OneDrive/Documents/NetBeansProjects/bbms2/src/FrontPage.java</file>
            <file>file:/C:/Users/Manohar/OneDrive/Documents/NetBeansProjects/bbms2/src/donorregister1.java</file>
            <file>file:/C:/Users/Manohar/OneDrive/Documents/NetBeansProjects/bbms2/src/Connector/jdbc.java</file>
            <file>file:/C:/Users/Manohar/OneDrive/Documents/NetBeansProjects/bbms2/src/donorlogin.java</file>
            <file>file:/C:/Users/Manohar/OneDrive/Documents/NetBeansProjects/bbms2/src/pass.java</file>
            <file>file:/C:/Users/Manohar/OneDrive/Documents/NetBeansProjects/bbms2/src/donationhistory.java</file>
        </group>
    </open-files>
</project-private>
